{
  "deny": {
    "precision": 0.8571428571428571,
    "recall": 0.8571428571428571,
    "f1-score": 0.8571428571428571,
    "support": 7,
    "confused_with": {
      "mood_unhappy": 1
    }
  },
  "greet": {
    "precision": 1.0,
    "recall": 0.7692307692307693,
    "f1-score": 0.8695652173913044,
    "support": 13,
    "confused_with": {
      "goodbye": 3
    }
  },
  "mood_great": {
    "precision": 0.9333333333333333,
    "recall": 1.0,
    "f1-score": 0.9655172413793104,
    "support": 14,
    "confused_with": {}
  },
  "notification_app": {
    "precision": 1.0,
    "recall": 1.0,
    "f1-score": 1.0,
    "support": 7,
    "confused_with": {}
  },
  "goodbye": {
    "precision": 0.7857142857142857,
    "recall": 1.0,
    "f1-score": 0.88,
    "support": 11,
    "confused_with": {}
  },
  "mood_unhappy": {
    "precision": 0.9166666666666666,
    "recall": 0.7857142857142857,
    "f1-score": 0.8461538461538461,
    "support": 14,
    "confused_with": {
      "mood_great": 1,
      "deny": 1
    }
  },
  "bot_challenge": {
    "precision": 0.8,
    "recall": 1.0,
    "f1-score": 0.888888888888889,
    "support": 4,
    "confused_with": {}
  },
  "accuracy": 0.9,
  "macro avg": {
    "precision": 0.8989795918367347,
    "recall": 0.9160125588697017,
    "f1-score": 0.9010382929937438,
    "support": 70
  },
  "weighted avg": {
    "precision": 0.910612244897959,
    "recall": 0.9,
    "f1-score": 0.8986185515300958,
    "support": 70
  }
}